"DESCRIPTION","DURATION IN MS","NAME","PARENT SUITE","START TIME","STATUS","STOP TIME","SUB SUITE","SUITE","TEST CLASS","TEST METHOD"
"","15803","test_multiple_invalid_passwords[   ]","tests","Thu Feb 12 15:14:26 UTC 2026","broken","Thu Feb 12 15:14:42 UTC 2026","","test_multiple_invalid_passwords","",""
"","4495","test_multiple_invalid_passwords[wrong]","tests","Fri Feb 13 08:54:31 UTC 2026","passed","Fri Feb 13 08:54:36 UTC 2026","","test_multiple_invalid_passwords","",""
"","3406","test_multiple_invalid_passwords[qadefef]","tests","Fri Feb 13 08:54:42 UTC 2026","passed","Fri Feb 13 08:54:45 UTC 2026","","test_multiple_invalid_passwords","",""
"","5050","test_invalid_login","tests","Fri Feb 13 08:54:26 UTC 2026","passed","Fri Feb 13 08:54:31 UTC 2026","","test_invalid_login","",""
"","13688","test_multiple_invalid_passwords[]","tests","Thu Feb 12 15:14:08 UTC 2026","broken","Thu Feb 12 15:14:22 UTC 2026","","test_multiple_invalid_passwords","",""
"","3866","test_multiple_invalid_passwords[12345]","tests","Fri Feb 13 08:54:37 UTC 2026","passed","Fri Feb 13 08:54:41 UTC 2026","","test_multiple_invalid_passwords","",""
"","12076","test_orangehrm_opens","tests","Tue Feb 10 13:43:58 UTC 2026","passed","Tue Feb 10 13:44:10 UTC 2026","","test_smoke","",""
"","7034","test_multiple_invalid_passwords[2313dd]","tests","Fri Feb 13 08:54:46 UTC 2026","passed","Fri Feb 13 08:54:53 UTC 2026","","test_multiple_invalid_passwords","",""
"","108172","test_site_opens","","Tue Feb 10 13:12:29 UTC 2026","passed","Tue Feb 10 13:14:17 UTC 2026","","","",""
"","4750","test_smoke","tests","Fri Feb 13 08:54:54 UTC 2026","passed","Fri Feb 13 08:54:58 UTC 2026","","test_smoke","",""
